{
    "dense": {
        "mrr": 0.4847460317460318,
        "hits": 67,
        "hit_rate": 0.67
    },
    "sparse": {
        "mrr": 0.5855,
        "hits": 70,
        "hit_rate": 0.7
    },
    "hybrid": {
        "mrr": 0.5688888888888889,
        "hits": 75,
        "hit_rate": 0.75
    }
}