{
    "dense": {
        "mrr": 0.6059444444444445,
        "hits": 72,
        "hit_rate": 0.72
    },
    "sparse": {
        "mrr": 0.6670277777777778,
        "hits": 80,
        "hit_rate": 0.8
    },
    "hybrid": {
        "mrr": 0.6831071428571428,
        "hits": 83,
        "hit_rate": 0.83
    }
}