{
    "dense": {
        "mrr": 0.285,
        "hits": 35,
        "hit_rate": 0.35
    },
    "sparse": {
        "mrr": 0.12199603174603174,
        "hits": 28,
        "hit_rate": 0.28
    },
    "hybrid": {
        "mrr": 0.29241666666666666,
        "hits": 40,
        "hit_rate": 0.4
    }
}