{
    "dense": {
        "mrr": 0.4318611111111112,
        "hits": 59,
        "hit_rate": 0.59
    },
    "sparse": {
        "mrr": 0.6059404761904762,
        "hits": 69,
        "hit_rate": 0.69
    },
    "hybrid": {
        "mrr": 0.6653452380952382,
        "hits": 77,
        "hit_rate": 0.77
    }
}