{
    "dense": {
        "mrr": 0.69525,
        "hits": 78,
        "hit_rate": 0.78
    },
    "sparse": {
        "mrr": 0.8014285714285714,
        "hits": 88,
        "hit_rate": 0.88
    },
    "hybrid": {
        "mrr": 0.8341666666666667,
        "hits": 88,
        "hit_rate": 0.88
    }
}