{
    "dense": {
        "mrr": 0.7093849206349208,
        "hits": 83,
        "hit_rate": 0.83
    },
    "sparse": {
        "mrr": 0.7665833333333335,
        "hits": 85,
        "hit_rate": 0.85
    },
    "hybrid": {
        "mrr": 0.8381666666666666,
        "hits": 90,
        "hit_rate": 0.9
    }
}